step,traj/steps_mean,traj/steps_min,traj/steps_max,traj/env_time_mean,traj/env_time_min,traj/env_time_max,traj/llm_time_mean,traj/llm_time_min,traj/llm_time_max,traj/total_time_mean,traj/total_time_min,traj/total_time_max,traj/token_mismatch_mean,traj/token_mismatch_min,traj/token_mismatch_max,batch/solve_none,batch/solve_all,batch/solve_partial,actor/entropy,global_seqlen/min,global_seqlen/max,global_seqlen/minmax_diff,global_seqlen/balanced_min,global_seqlen/balanced_max,global_seqlen/mean,actor/pg_clipfrac,actor/ppo_kl,actor/pg_clipfrac_lower,actor/pg_loss,actor/grad_norm,perf/mfu/actor,perf/max_memory_allocated_gb,perf/max_memory_reserved_gb,perf/cpu_memory_used_gb,actor/lr,critic/score/mean,critic/score/max,critic/score/min,critic/rewards/mean,critic/rewards/max,critic/rewards/min,critic/advantages/mean,critic/advantages/max,critic/advantages/min,critic/returns/mean,critic/returns/max,critic/returns/min,response_length/mean,response_length/max,response_length/min,response_length/clip_ratio,response_length_non_aborted/mean,response_length_non_aborted/max,response_length_non_aborted/min,response_length_non_aborted/clip_ratio,response/aborted_ratio,prompt_length/mean,prompt_length/max,prompt_length/min,prompt_length/clip_ratio,timing_s/collect_trajectory,timing_s/transform_trajectory,timing_s/old_log_prob,timing_s/adv,timing_s/update_actor,timing_s/update_weights,timing_s/step,timing_per_token_ms/adv,timing_per_token_ms/update_actor,timing_s/save_checkpoint
1,np.float64(3.0),np.int64(3),np.int64(3),np.float64(95.90547040104866),np.float64(30.568498373031616),np.float64(656.2671608924866),np.float64(191.04464863985777),np.float64(76.0871229171753),np.float64(356.0926308631897),np.float64(286.95011904090643),np.float64(139.97956347465515),np.float64(786.1793351173401),np.float64(0.03125),np.float64(0.0),np.float64(1.0),5.0,0.0,3.0,0.2338922768831253,658594.0,658594.0,0.0,658594.0,658594.0,658594.0,np.float64(0.0016579837538301945),np.float64(2.5565800115145976e-05),np.float64(0.0),np.float64(0.015357607354720434),np.float64(0.19449783734685133),np.float64(0.03231541892673561),np.float64(33.514527320861816),np.float64(55.685546875),np.float64(1202.9358100891113),np.float64(1e-06),0.0234375,0.5,0.0,0.0234375,0.5,0.0,-0.0021354337222874165,2.4748597145080566,-0.35355138778686523,-0.0021354337222874165,2.4748597145080566,-0.35355138778686523,9925.65625,16000.0,2179.0,0.046875,9925.65625,16000.0,2179.0,0.046875,0.0,364.875,477.0,288.0,0.0,1981.4588383529335,0.269272374920547,99.9312530849129,99.94355442328379,249.6502562938258,50.34546783193946,2394.204683420714,0.15175290759296894,0.37906548844026183,
2,np.float64(3.0),np.int64(3),np.int64(3),np.float64(112.50408494472504),np.float64(31.553189754486084),np.float64(673.511684179306),np.float64(184.7547481060028),np.float64(90.011563539505),np.float64(289.2157955169678),np.float64(297.25883305072784),np.float64(154.6115539073944),np.float64(845.9249210357666),np.float64(0.078125),np.float64(0.0),np.float64(1.0),4.0,0.0,4.0,0.25320249795913696,632342.0,632342.0,0.0,632342.0,632342.0,632342.0,np.float64(0.0023484830977395176),np.float64(-0.00010022877522715134),np.float64(0.0),np.float64(0.010024535655975341),np.float64(0.2827893867851521),np.float64(0.04121182839668386),np.float64(34.93726301193237),np.float64(55.685546875),np.float64(1197.155834197998),np.float64(1e-06),0.2265625,1.5,0.0,0.2265625,1.5,0.0,0.03165820986032486,2.4748666286468506,-1.9843082427978516,0.03165820986032486,2.4748666286468506,-1.9843082427978516,9537.21875,16000.0,2027.0,0.03125,9537.21875,16000.0,2027.0,0.03125,0.0,343.125,447.0,280.0,0.0,1790.3416078002192,0.1726131783798337,120.25329377129674,120.2678809366189,188.44712653988972,51.27107804780826,2162.7785616549663,0.190194358332388,0.29801456575696333,
3,np.float64(3.0),np.int64(3),np.int64(3),np.float64(96.88364707306027),np.float64(32.55470561981201),np.float64(406.79755425453186),np.float64(186.1196903809905),np.float64(90.92945909500122),np.float64(298.76733350753784),np.float64(283.0033374540508),np.float64(138.01248455047607),np.float64(603.5586452484131),np.float64(0.015625),np.float64(0.0),np.float64(1.0),1.0,0.0,7.0,0.23884281516075134,639594.0,639594.0,0.0,639594.0,639594.0,639594.0,np.float64(0.0037933263462036847),np.float64(4.211251416563755e-05),np.float64(2.674511961231474e-06),np.float64(-0.01664884090423584),np.float64(0.3076403120543116),np.float64(0.04197114596701032),np.float64(34.97984838485718),np.float64(55.685546875),np.float64(1197.6694831848145),np.float64(1e-06),0.1953125,1.0,0.0,0.1953125,1.0,0.0,0.015340328216552734,2.4748597145080566,-1.7554209232330322,0.015340328216552734,2.4748597145080566,-1.7554209232330322,9641.28125,15405.0,2322.0,0.0,9641.28125,15405.0,2322.0,0.0,0.0,352.375,442.0,270.0,0.0,1423.2397750010714,0.19520174618810415,106.34838237892836,106.35295245610178,186.5823773657903,50.71364874392748,1779.5043366258033,0.16628197333949626,0.29172002452460516,
4,np.float64(3.0),np.int64(3),np.int64(3),np.float64(116.70427883788943),np.float64(31.05387783050537),np.float64(665.2230186462402),np.float64(229.7976675517857),np.float64(89.94489073753357),np.float64(456.52693271636963),np.float64(346.50194638967514),np.float64(157.43495273590088),np.float64(767.7941107749939),np.float64(0.109375),np.float64(0.0),np.float64(1.0),5.0,0.0,3.0,0.222480908036232,646505.0,646505.0,0.0,646505.0,646505.0,646505.0,np.float64(0.0017354114291568596),np.float64(1.4782771965352973e-05),np.float64(5.916387332642141e-06),np.float64(0.028802753736575443),np.float64(0.34340545627149155),np.float64(0.04629671699892217),np.float64(34.97984838485718),np.float64(55.685546875),np.float64(1199.3068237304688),np.float64(1e-06),0.109375,1.0,0.0,0.109375,1.0,0.0,-0.0054973335936665535,2.1840639114379883,-0.7245674133300781,-0.0054973335936665535,2.1840639114379883,-0.7245674133300781,9712.015625,16000.0,1867.0,0.03125,9712.015625,16000.0,1867.0,0.03125,0.0,389.625,551.0,273.0,0.0,1896.7534941281192,0.2662571999244392,98.56223597889766,98.56835660059005,175.25954031711444,50.402749760076404,2233.5377910262905,0.15246340956464383,0.2710876796267847,
5,np.float64(3.0),np.int64(3),np.int64(3),np.float64(98.58562605455518),np.float64(40.0719690322876),np.float64(372.7403256893158),np.float64(221.67429895326495),np.float64(127.30914902687073),np.float64(405.15440559387207),np.float64(320.25992500782013),np.float64(179.01606822013855),np.float64(625.8872375488281),np.float64(0.078125),np.float64(0.0),np.float64(1.0),5.0,0.0,3.0,0.22813165187835693,729194.0,729194.0,0.0,729194.0,729194.0,729194.0,np.float64(0.0017809431800352676),np.float64(-5.8047103055157224e-05),np.float64(0.0),np.float64(-0.010935948895556586),np.float64(0.2316271230094198),np.float64(0.046749571381793385),np.float64(34.97984838485718),np.float64(55.685546875),np.float64(1197.720802307129),np.float64(1e-06),0.0703125,1.0,0.0,0.0703125,1.0,0.0,0.03186352923512459,2.4748597145080566,-1.207610011100769,0.03186352923512459,2.4748597145080566,-1.207610011100769,11015.90625,16000.0,2316.0,0.046875,11015.90625,16000.0,2316.0,0.046875,0.0,377.75,485.0,306.0,0.0,1582.5409354423173,0.1955235837958753,125.17819741135463,125.18281024182215,200.5162162850611,50.40383641701192,2042.0574872028083,0.17167284733805016,0.27498336010041374,70.8919880958274
6,np.float64(3.0),np.int64(3),np.int64(3),np.float64(95.6056008413434),np.float64(32.05976867675781),np.float64(403.7058024406433),np.float64(216.42907693237066),np.float64(86.09767723083496),np.float64(319.9090714454651),np.float64(312.03467777371407),np.float64(194.0119297504425),np.float64(647.1917233467102),np.float64(0.0625),np.float64(0.0),np.float64(1.0),6.0,0.0,2.0,0.21850624680519104,716538.0,716538.0,0.0,716538.0,716538.0,716538.0,np.float64(0.000993640099685373),np.float64(-7.446875653321123e-05),np.float64(8.49810749059543e-06),np.float64(0.027327339564050947),np.float64(0.11901042984710278),np.float64(0.040580427949029683),np.float64(34.97984838485718),np.float64(55.685546875),np.float64(1202.6712341308594),np.float64(1e-06),0.078125,1.5,0.0,0.078125,1.5,0.0,-0.022471213713288307,1.8919647932052612,-1.135178804397583,-0.022471213713288307,1.8919647932052612,-1.135178804397583,10813.78125,16000.0,2775.0,0.03125,10813.78125,16000.0,2775.0,0.03125,0.0,382.125,525.0,280.0,0.0,1681.2359339278191,0.2550403499044478,112.5708428779617,112.57516176532954,224.32386132422835,49.84518095292151,2080.7518893321976,0.15710982776256044,0.3130662453690221,
7,np.float64(3.0),np.int64(3),np.int64(3),np.float64(94.07334692776203),np.float64(31.58962345123291),np.float64(669.9435796737671),np.float64(228.37343598157167),np.float64(85.7346601486206),np.float64(337.94270730018616),np.float64(322.4467829093337),np.float64(186.26825404167175),np.float64(792.1882486343384),np.float64(0.140625),np.float64(0.0),np.float64(1.0),6.0,0.0,2.0,0.22466377913951874,681301.0,681301.0,0.0,681301.0,681301.0,681301.0,np.float64(0.000867868026640887),np.float64(-0.00011575933740459732),np.float64(4.817011510264517e-06),np.float64(-0.011840314293901125),np.float64(0.21182769804733978),np.float64(0.04622334260752586),np.float64(34.97984838485718),np.float64(55.685546875),np.float64(1202.2453308105469),np.float64(1e-06),0.0546875,1.0,0.0,0.0546875,1.0,0.0,0.01620076410472393,2.1840639114379883,-0.9354107975959778,0.01620076410472393,2.1840639114379883,-0.9354107975959778,10265.703125,16000.0,1491.0,0.015625,10265.703125,16000.0,1491.0,0.015625,0.0,379.625,526.0,240.0,0.0,1570.3052668860182,0.2520570922642946,98.51296633994207,98.51700825802982,188.91067103482783,49.98531338199973,1920.3723106840625,0.14460129701560664,0.2772793097835286,
8,np.float64(2.984375),np.int64(2),np.int64(3),np.float64(109.49954150244594),np.float64(18.03560471534729),np.float64(689.9902091026306),np.float64(198.09386553615332),np.float64(53.93050527572632),np.float64(355.6377069950104),np.float64(307.59340703859925),np.float64(78.8102478981018),np.float64(743.9207143783569),np.float64(0.0625),np.float64(0.0),np.float64(1.0),5.0,0.0,3.0,0.23547577857971191,679327.0,679327.0,0.0,679327.0,679327.0,679327.0,np.float64(0.0011966062569020626),np.float64(-8.48118762254065e-05),np.float64(2.560163920861669e-06),np.float64(0.01404610462486744),np.float64(0.224184527583583),np.float64(0.04989789415240582),np.float64(34.97984838485718),np.float64(55.685546875),np.float64(1207.6779098510742),np.float64(1e-06),0.265625,1.5,0.0,0.265625,1.5,0.0,0.01544819213449955,1.7554209232330322,-1.6651959419250488,0.01544819213449955,1.7554209232330322,-1.6651959419250488,10262.984375,16000.0,1614.0,0.078125,10262.984375,16000.0,1614.0,0.078125,0.0,351.5,534.0,261.0,0.0,1772.1345985592343,0.23310854192823172,117.17697855038568,117.18584417598322,176.06522273318842,50.71484122890979,2128.6401601461694,0.1725028508744437,0.25917595316127345,
9,np.float64(2.984375),np.int64(2),np.int64(3),np.float64(103.40963413566351),np.float64(20.03990912437439),np.float64(689.7044107913971),np.float64(211.66412664949894),np.float64(89.62656712532043),np.float64(346.8613350391388),np.float64(315.07376078516245),np.float64(115.55361366271973),np.float64(848.0279862880707),np.float64(0.078125),np.float64(0.0),np.float64(1.0),4.0,0.0,4.0,0.24996964633464813,652182.0,652182.0,0.0,652182.0,652182.0,652182.0,np.float64(0.0019183407809274893),np.float64(3.3282291648599007e-06),np.float64(0.0),np.float64(0.032186320361991726),np.float64(0.3266337429346196),np.float64(0.047719590258233864),np.float64(34.97984838485718),np.float64(55.685546875),np.float64(1216.6072616577148),np.float64(1e-06),0.265625,2.0,0.0,0.265625,2.0,0.0,-0.03281734511256218,1.9843082427978516,-1.8708215951919556,-0.03281734511256218,1.9843082427978516,-1.8708215951919556,9836.46875,16000.0,1666.0,0.046875,9836.46875,16000.0,1666.0,0.046875,0.0,353.875,491.0,254.0,0.0,1527.693351405207,0.22625926695764065,89.0952591272071,89.09967799996957,173.1365694226697,51.19916661223397,1859.3341055568308,0.13661781220574865,0.2654727812522727,
10,np.float64(2.96875),np.int64(2),np.int64(3),np.float64(102.19252700731158),np.float64(16.53343415260315),np.float64(649.2076201438904),np.float64(221.65568828582764),np.float64(64.5201165676117),np.float64(436.8518738746643),np.float64(323.8482152931392),np.float64(81.05355072021484),np.float64(860.9386339187622),np.float64(0.0625),np.float64(0.0),np.float64(1.0),5.0,0.0,3.0,0.2309640794992447,657925.0,657925.0,0.0,657925.0,657925.0,657925.0,np.float64(0.0024186268953296044),np.float64(-1.6781909456161277e-06),np.float64(2.603678391703094e-06),np.float64(0.03718992446859678),np.float64(0.23175410033141752),np.float64(0.04478280168112694),np.float64(34.97984838485718),np.float64(55.685546875),np.float64(1247.1555938720703),np.float64(1e-06),0.0546875,1.0,0.0,0.0546875,1.0,0.0,-0.016197731718420982,2.4748597145080566,-0.7245660424232483,-0.016197731718420982,2.4748597145080566,-0.7245660424232483,9892.203125,16000.0,2136.0,0.015625,9892.203125,16000.0,2136.0,0.015625,0.0,387.875,504.0,297.0,0.0,1855.807777822949,0.19905426166951656,90.59950239909813,90.60443609301001,183.65443007228896,51.29546886123717,2263.212051999755,0.13771240809060303,0.2791418931827928,69.13988533429801
11,np.float64(3.0),np.int64(3),np.int64(3),np.float64(115.52427642792463),np.float64(32.55811142921448),np.float64(678.3197252750397),np.float64(232.93622029945254),np.float64(90.47616910934448),np.float64(515.2915275096893),np.float64(348.4604967273772),np.float64(139.556147813797),np.float64(893.136575460434),np.float64(0.0625),np.float64(0.0),np.float64(1.0),2.0,0.0,6.0,0.22569327056407928,658562.0,658562.0,0.0,658562.0,658562.0,658562.0,np.float64(0.0029427041202628366),np.float64(-1.0029348800344451e-05),np.float64(5.144532830551422e-06),np.float64(0.06304123563071092),np.float64(0.2945883284651883),np.float64(0.04905722292992517),np.float64(34.97984838485718),np.float64(55.685546875),np.float64(1212.1351509094238),np.float64(1e-06),0.2265625,1.5,0.0,0.2265625,1.5,0.0,-0.029698971658945084,2.4748597145080566,-1.3228721618652344,-0.029698971658945084,2.4748597145080566,-1.3228721618652344,9918.65625,16000.0,1576.0,0.078125,9918.65625,16000.0,1576.0,0.078125,0.0,371.375,473.0,295.0,0.0,1772.2452726913616,0.199972087983042,101.45449091494083,101.45890259975567,170.34619364980608,51.178233856800944,2107.855005647056,0.1540612768422042,0.2586638671071305,
12,np.float64(2.984375),np.int64(2),np.int64(3),np.float64(97.0397589020431),np.float64(16.02505373954773),np.float64(658.4807813167572),np.float64(194.25418554618955),np.float64(87.78957152366638),np.float64(356.3813099861145),np.float64(291.29394444823265),np.float64(103.81462526321411),np.float64(798.5024015903473),np.float64(0.0),np.float64(0.0),np.float64(0.0),4.0,0.0,4.0,0.22328928112983704,696963.0,696963.0,0.0,696963.0,696963.0,696963.0,np.float64(0.0019653308637706296),np.float64(5.617825594786804e-05),np.float64(2.461186990590899e-06),np.float64(0.013167233339377813),np.float64(0.2202407237520097),np.float64(0.040612076501162976),np.float64(34.97984838485718),np.float64(55.685546875),np.float64(1210.0599098205566),np.float64(1e-06),0.171875,1.5,0.0,0.171875,1.5,0.0,-0.019796837121248245,2.1840639114379883,-0.8829168677330017,-0.019796837121248245,2.1840639114379883,-0.8829168677330017,10498.171875,16000.0,2492.0,0.015625,10498.171875,16000.0,2492.0,0.015625,0.0,391.875,501.0,315.0,0.0,1487.9107544720173,0.20620545279234648,134.83534447709098,135.0029753721319,218.2302293870598,51.34984625689685,1907.0526732229628,0.19370178240757674,0.31311594645204954,
13,np.float64(2.984375),np.int64(2),np.int64(3),np.float64(97.00043058767915),np.float64(19.041351556777954),np.float64(385.67275190353394),np.float64(202.6479033753276),np.float64(66.54471206665039),np.float64(373.863242149353),np.float64(299.64833396300673),np.float64(87.75015997886658),np.float64(567.2935800552368),np.float64(0.046875),np.float64(0.0),np.float64(1.0),5.0,0.0,3.0,0.2373816817998886,669048.0,669048.0,0.0,669048.0,669048.0,669048.0,np.float64(0.0015514142238923039),np.float64(4.038108486762818e-05),np.float64(2.5681326102737025e-06),np.float64(0.01919712560872237),np.float64(0.2227953868668327),np.float64(0.04627478431375713),np.float64(34.97984838485718),np.float64(55.685546875),np.float64(1219.2004623413086),np.float64(1e-06),0.1328125,1.5,0.0,0.1328125,1.5,0.0,-0.005412237253040075,2.4748597145080566,-1.0606571435928345,-0.005412237253040075,2.4748597145080566,-1.0606571435928345,10044.25,15863.0,2208.0,0.0,10044.25,15863.0,2208.0,0.0,0.0,409.625,658.0,277.0,0.0,1524.5862981993705,0.14725027792155743,98.76899390900508,98.77402061084285,182.89346542628482,51.35471391910687,1870.1090456601232,0.14763368339916247,0.2733637428499672,
14,np.float64(3.0),np.int64(3),np.int64(3),np.float64(88.05133433640003),np.float64(32.11163520812988),np.float64(647.767290353775),np.float64(206.22751091048121),np.float64(90.61953282356262),np.float64(357.78359723091125),np.float64(294.27884524688125),np.float64(143.75420236587524),np.float64(781.249881029129),np.float64(0.078125),np.float64(0.0),np.float64(1.0),5.0,0.0,3.0,0.23671790957450867,692983.0,692983.0,0.0,692983.0,692983.0,692983.0,np.float64(0.0017624869610049895),np.float64(-7.963908598997347e-06),np.float64(0.0),np.float64(-0.002678089908191136),np.float64(0.19094281768010085),np.float64(0.047607606077083885),np.float64(34.97984838485718),np.float64(55.685546875),np.float64(1210.4414291381836),np.float64(1e-06),0.03125,0.5,0.0,0.03125,0.5,0.0,-0.0009560262551531196,2.4748597145080566,-0.5400593876838684,-0.0009560262551531196,2.4748597145080566,-0.5400593876838684,10420.484375,16000.0,2087.0,0.03125,10420.484375,16000.0,2087.0,0.03125,0.0,407.375,581.0,336.0,0.0,1433.438356442377,0.16801086021587253,121.73382418882102,121.73885877709836,184.6618616366759,52.127394881565124,1804.509040328674,0.175673658339524,0.26647386968609027,
15,np.float64(3.0),np.int64(3),np.int64(3),np.float64(101.73994900286198),np.float64(15.52493166923523),np.float64(646.4833538532257),np.float64(203.82250060513616),np.float64(112.54118466377258),np.float64(307.2094917297363),np.float64(305.56244960799813),np.float64(164.71585392951965),np.float64(800.7903323173523),np.float64(0.0625),np.float64(0.0),np.float64(1.0),5.0,0.0,3.0,0.21921224892139435,691800.0,691800.0,0.0,691800.0,691800.0,691800.0,np.float64(0.0016440135867534472),np.float64(-2.6767942374915166e-05),np.float64(2.685284666118345e-06),np.float64(0.011471369968993323),np.float64(0.17231417114123787),np.float64(0.04559865209509088),np.float64(34.97984838485718),np.float64(55.685546875),np.float64(1209.1856689453125),np.float64(1e-06),0.0859375,1.0,0.0,0.0859375,1.0,0.0,-0.016702549532055855,2.4748666286468506,-1.0801210403442383,-0.016702549532055855,2.4748666286468506,-1.0801210403442383,10424.625,16000.0,2135.0,0.015625,10424.625,16000.0,2135.0,0.015625,0.0,384.75,627.0,306.0,0.0,1762.6765089463443,0.20245220325887203,112.58876447472721,112.59400835027918,191.72015812201425,51.6239859610796,2200.960171217099,0.16275514361127374,0.2771323476756494,69.8409684500657
16,np.float64(3.0),np.int64(3),np.int64(3),np.float64(99.99132709950209),np.float64(23.530792236328125),np.float64(377.02495551109314),np.float64(217.4322556629777),np.float64(98.9557671546936),np.float64(333.73696279525757),np.float64(317.4235827624798),np.float64(130.5107979774475),np.float64(705.6469700336456),np.float64(0.015625),np.float64(0.0),np.float64(1.0),5.0,0.0,3.0,0.21834352612495422,729237.0,729237.0,0.0,729237.0,729237.0,729237.0,np.float64(0.001177971567293363),np.float64(2.5400887027769515e-05),np.float64(0.0),np.float64(0.0018062669384692396),np.float64(0.19935450935469984),np.float64(0.04582114032457646),np.float64(34.97984838485718),np.float64(55.685546875),np.float64(1216.5240020751953),np.float64(1e-06),0.109375,1.5,0.0,0.109375,1.5,0.0,0.01695575751364231,2.1840639114379883,-0.935412585735321,0.01695575751364231,2.1840639114379883,-0.935412585735321,10985.453125,15865.0,3381.0,0.0,10985.453125,15865.0,3381.0,0.0,0.0,408.875,534.0,323.0,0.0,1838.2226430000737,0.20111769577488303,97.47320240922272,97.4774632230401,203.0851933322847,50.59609058406204,2201.982314405963,0.13367048466142023,0.27848997422276256,
17,np.float64(3.0),np.int64(3),np.int64(3),np.float64(104.86593993380666),np.float64(31.56383967399597),np.float64(947.3997085094452),np.float64(200.9577540755272),np.float64(91.25893211364746),np.float64(291.6196405887604),np.float64(305.82369400933385),np.float64(134.87936544418335),np.float64(1049.5787303447723),np.float64(0.078125),np.float64(0.0),np.float64(1.0),2.0,0.0,6.0,0.1975325345993042,683237.0,683237.0,0.0,683237.0,683237.0,683237.0,np.float64(0.003144692790766175),np.float64(3.054640071171049e-05),np.float64(6.123624748747366e-06),np.float64(-0.05015029614934555),np.float64(0.35323986838478066),np.float64(0.04880899164650393),np.float64(34.97984838485718),np.float64(55.685546875),np.float64(1208.2968139648438),np.float64(1e-06),0.15625,1.0,0.0,0.15625,1.0,0.0,0.00862265657633543,2.4748597145080566,-0.8829168677330017,0.00862265657633543,2.4748597145080566,-0.8829168677330017,10312.078125,16000.0,2195.0,0.015625,10312.078125,16000.0,2195.0,0.015625,0.0,363.5,460.0,296.0,0.0,2049.62003312679,0.22056698193773627,86.15723928809166,86.16172588197514,177.58999743591994,51.963307845871896,2378.1277671819553,0.12610810872651093,0.25992444413273863,
18,np.float64(2.984375),np.int64(2),np.int64(3),np.float64(92.97719516977668),np.float64(15.52687692642212),np.float64(351.95492005348206),np.float64(197.55565877631307),np.float64(88.62842679023743),np.float64(377.5107419490814),np.float64(290.53285394608974),np.float64(108.65393114089966),np.float64(586.5794298648834),np.float64(0.03125),np.float64(0.0),np.float64(1.0),3.0,0.0,5.0,0.23875722289085388,674151.0,674151.0,0.0,674151.0,674151.0,674151.0,np.float64(0.002660239415350728),np.float64(-9.103782464920256e-05),np.float64(1.0256180338239154e-05),np.float64(0.014984592508811217),np.float64(0.2851382982704207),np.float64(0.046705962862201765),np.float64(34.97984838485718),np.float64(55.685546875),np.float64(1219.3588256835938),np.float64(1e-06),0.2109375,3.0,0.0,0.2109375,3.0,0.0,0.014638732187449932,2.4748597145080566,-1.3653273582458496,0.014638732187449932,2.4748597145080566,-1.3653273582458496,10174.859375,16000.0,2637.0,0.03125,10174.859375,16000.0,2637.0,0.03125,0.0,358.75,465.0,304.0,0.0,1460.5393057968467,0.16674474300816655,132.52876197965816,132.53497480787337,181.27664498100057,53.73833072418347,1840.7389156408608,0.1965953841318538,0.26889620423466043,
19,np.float64(3.0),np.int64(3),np.int64(3),np.float64(102.5929593294859),np.float64(31.05318570137024),np.float64(375.8919322490692),np.float64(192.4161732159555),np.float64(94.72025346755981),np.float64(341.21252489089966),np.float64(295.0091325454414),np.float64(141.30316400527954),np.float64(622.4304802417755),np.float64(0.078125),np.float64(0.0),np.float64(1.0),3.0,0.0,5.0,0.23412854969501495,613770.0,613770.0,0.0,613770.0,613770.0,613770.0,np.float64(0.002546703739790246),np.float64(7.740325236227363e-06),np.float64(5.579089884122368e-06),np.float64(-0.010059756599366665),np.float64(0.31016276034727075),np.float64(0.04296498821369579),np.float64(34.97984838485718),np.float64(55.685546875),np.float64(1215.9294776916504),np.float64(1e-06),0.265625,2.0,0.0,0.265625,2.0,0.0,0.028134971857070923,2.4748597145080566,-1.8708215951919556,0.028134971857070923,2.4748597145080566,-1.8708215951919556,9171.90625,16000.0,2077.0,0.015625,9171.90625,16000.0,2077.0,0.015625,0.0,418.25,829.0,272.0,0.0,1480.582473072689,0.10283981682732701,91.71833277586848,91.72296601207927,174.8698475281708,51.48071597004309,1811.1644919980317,0.14944191800198653,0.2849110375680968,
